{"test_loss_step": 0.7381923794746399, "test_acc_step": 0.0, "trainer/global_step": 91, "_timestamp": 1700062984.680091, "_runtime": 11.205437898635864, "_step": 91, "_wandb": {"runtime": 14}}