{"lr-AdamW": 1e-05, "trainer/global_step": 199, "_timestamp": 1700061524.1648571, "_runtime": 12.571821212768555, "_step": 7, "train_loss_step": 0.7272323369979858, "train_acc_step": 0.0, "epoch": 0, "_wandb": {"runtime": 17}}