{"lr-AdamW": 9.996518415938887e-06, "trainer/global_step": 820, "_timestamp": 1700063572.5971112, "_runtime": 325.38493514060974, "_step": 329, "train_loss_step": 0.6600179672241211, "train_acc_step": 0.0, "epoch": 3, "val_loss_step": 0.7166478633880615, "val_acc_step": 1.0, "val_loss_epoch": 0.683203935623169, "val_acc_epoch": 0.3888888955116272, "val_loss": 0.7156380414962769, "auc": 0.3167613744735718, "val_BinaryAccuracy": 0.3888888955116272, "val_BinaryF1Score": 0.5600000023841858, "val_BinaryPrecision": 0.3962264060974121, "val_BinaryRecall": 0.9545454382896423, "train_loss_epoch": 0.6956108808517456, "train_acc_epoch": 0.45370370149612427, "test_loss_step": 0.6627986431121826, "test_acc_step": 0.0, "test_loss_epoch": 0.6768645644187927, "test_acc_epoch": 0.3643410801887512, "_wandb": {"runtime": 324}}