{"lr-AdamW": 9.968695421548043e-06, "trainer/global_step": 2159, "_timestamp": 1700062828.6633012, "_runtime": 62.65568232536316, "_step": 719, "train_loss_step": 0.6455762386322021, "train_acc_step": 0.0, "epoch": 9, "val_loss_step": 0.6294270753860474, "val_acc_step": 1.0, "val_loss_epoch": 0.6645774841308594, "val_acc_epoch": 0.3888888955116272, "val_loss": 0.701066255569458, "auc": 0.3167613744735718, "val_BinaryAccuracy": 0.3888888955116272, "val_BinaryF1Score": 0.5600000023841858, "val_BinaryPrecision": 0.3962264060974121, "val_BinaryRecall": 0.9545454382896423, "train_loss_epoch": 0.661308228969574, "train_acc_epoch": 0.49074074625968933, "test_loss_step": 0.6573799848556519, "test_acc_step": 0.0, "test_loss_epoch": 0.6587865352630615, "test_acc_epoch": 0.2945736348628998, "_wandb": {"runtime": 62}}