{"lr-AdamW": 5.16157359542843e-06, "trainer/global_step": 27000, "_timestamp": 1700065359.227653, "_runtime": 1085.0518469810486, "_step": 8209, "train_loss_step": 1.713019609451294, "train_acc_step": 0.0, "epoch": 125, "val_loss_step": 0.11930765211582184, "val_acc_step": 1.0, "val_loss_epoch": 0.2897881269454956, "val_acc_epoch": 0.9629629850387573, "val_loss": 0.21693575382232666, "auc": 0.953125, "val_BinaryAccuracy": 0.9629629850387573, "val_BinaryF1Score": 0.9545454382896423, "val_BinaryPrecision": 0.9545454382896423, "val_BinaryRecall": 0.9545454382896423, "train_loss_epoch": 0.3883272111415863, "train_acc_epoch": 0.8703703880310059, "test_loss_step": 0.3775603175163269, "test_acc_step": 1.0, "test_loss_epoch": 0.3029407262802124, "test_acc_epoch": 0.930232584476471, "_wandb": {"runtime": 1084}}