{"lr-AdamW": 9.99845252748817e-06, "trainer/global_step": 449, "_timestamp": 1700061853.9882565, "_runtime": 21.09764051437378, "_step": 129, "train_loss_step": 0.6999003887176514, "train_acc_step": 1.0, "epoch": 2, "val_loss_step": 0.6921297311782837, "val_acc_step": 1.0, "val_loss_epoch": 0.6989677548408508, "val_acc_epoch": 0.40740740299224854, "val_loss": 0.7464420199394226, "auc": 0.23153409361839294, "val_BinaryAccuracy": 0.40740740299224854, "val_BinaryF1Score": 0.5789473652839661, "val_BinaryPrecision": 0.40740740299224854, "val_BinaryRecall": 1.0, "train_loss_epoch": 0.706818163394928, "train_acc_epoch": 0.5231481194496155, "_wandb": {"runtime": 21}}