{"lr-AdamW": 9.860995491281904e-06, "trainer/global_step": 4149, "_timestamp": 1700062090.110811, "_runtime": 117.68874907493591, "_step": 1229, "train_loss_step": 0.5791559219360352, "train_acc_step": 1.0, "epoch": 19, "val_loss_step": 0.6530553102493286, "val_acc_step": 0.0, "val_loss_epoch": 0.6220986247062683, "val_acc_epoch": 0.5925925970077515, "val_loss": 0.6841078400611877, "auc": 0.49715909361839294, "val_BinaryAccuracy": 0.5925925970077515, "val_BinaryF1Score": 0.0, "val_BinaryPrecision": 0.0, "val_BinaryRecall": 0.0, "train_loss_epoch": 0.635375440120697, "train_acc_epoch": 0.5833333134651184, "_wandb": {"runtime": 116}}