{"lr-AdamW": 6.614183272437244e-06, "trainer/global_step": 21815, "_timestamp": 1700062669.4177847, "_runtime": 561.6554007530212, "_step": 6527, "train_loss_step": 0.11759260296821594, "train_acc_step": 1.0, "epoch": 100, "val_loss_step": 0.10853584110736847, "val_acc_step": 1.0, "val_loss_epoch": 0.3001154065132141, "val_acc_epoch": 0.9259259104728699, "val_loss": 0.2470335066318512, "auc": 0.9872158765792847, "val_BinaryAccuracy": 0.9259259104728699, "val_BinaryF1Score": 0.9130434989929199, "val_BinaryPrecision": 0.875, "val_BinaryRecall": 0.9545454382896423, "train_loss_epoch": 0.3053859770298004, "train_acc_epoch": 0.9212962985038757, "_wandb": {"runtime": 561}}